MEssssssssssssi,16_0_0_20170110232141846.jpg
MEssssssssssssi22222,16_0_0_20170110232208589.jpg
Pesssqweqwe,16_0_0_20170110232141846.jpg
Cuong cuong,20240621081757_422bc095cb9f25baf00f1c89_9999.jpg
RRR Cuong )000 q0e0,20240621081757_422bc095cb9f25baf00f1c89_9999.jpg
RRR Cuong )000 q0e0,20240621081757_422bc095cb9f25baf00f1c89_9999.jpg
RRR Cuong )000 q0e0,20240608162951_40a1a51a97837b398c5782a2_9999.jpg
RRR Cuong )000 q0e0,20240608162951_40a1a51a97837b398c5782a2_9999.jpg
RRR Cuong )000 q0e0,20240608162951_40a1a51a97837b398c5782a2_9999.jpg
RRR Cuong )000 q0e0,20240608162951_40a1a51a97837b398c5782a2_9999.jpg
RRR Cuong )000 q0e0,20240608162951_40a1a51a97837b398c5782a2_9999.jpg
RRR Cuong )000 q0e0,20240608162951_40a1a51a97837b398c5782a2_9999.jpg
RRR Cuong )000 q0e0,20240608162951_40a1a51a97837b398c5782a2_9999.jpg
RRR Cuong )000 q0e0,20240608162951_40a1a51a97837b398c5782a2_9999.jpg
RRR Cuong )000 q0e0,20240608162951_40a1a51a97837b398c5782a2_9999.jpg
RRR Cuong )000 q0e0,20240608162951_40a1a51a97837b398c5782a2_9999.jpg
Messsi ddd,20240610210118_c5500fb0d74852dc2a6100ca_9999.jpg
Messsi ddd,20240610210118_c5500fb0d74852dc2a6100ca_9999.jpg
Messsi ddd,20240610210118_c5500fb0d74852dc2a6100ca_9999.jpg
Messsi ddd,20240608162951_40a1a51a97837b398c5782a2_9999.jpg
Cuong ccccc,20240608164130_b0eca8eafd603f283542b4c7_9999.jpg
Cuong ccccc,20240604141157_17bfaf4426b050ac473dab59_9999.jpg
Cuong ccccc,ShotX.drawio.png
Cuong ccccc,png-clipart-blue-sky-texture-free-blue-border-buckle-material-watercolor-painting-border-thumbnail.png
